point_id,point_day,month_day,reference_rank,source_run_tag,raw_point_day,matched_peak_day,peak_score,peak_prominence
RP001,45,05-16,1,mainline_v5_a,44,45,5.878578493131532,
RP002,81,06-21,2,mainline_v5_a,80,81,9.238311473412097,
RP003,113,07-23,3,mainline_v5_a,112,113,9.678099825113602,
RP004,135,08-14,4,mainline_v5_a,134,135,3.7666081070788318,
RP005,160,09-08,5,mainline_v5_a,159,160,7.120567750300529,
