{
  "total_feature_count": 57,
  "block_slices": {
    "P": [
      0,
      13
    ],
    "V": [
      13,
      24
    ],
    "H": [
      24,
      35
    ],
    "Je": [
      35,
      46
    ],
    "Jw": [
      46,
      57
    ]
  },
  "block_feature_counts": {
    "P": 13,
    "V": 11,
    "H": 11,
    "Je": 11,
    "Jw": 11
  },
  "block_weights": {
    "P": 0.2773500981126146,
    "V": 0.30151134457776363,
    "H": 0.30151134457776363,
    "Je": 0.30151134457776363,
    "Jw": 0.30151134457776363
  },
  "standardize": true,
  "block_equal_weight": true
}