window_id,target_name,observed_abs_corr,permutation_percentile,permutation_empirical_p,perm_n
W045,W045_P_earlier_minus_Jw_earlier,0.82931712230075,0.99,0.01,500
W045,W045_V_earlier_minus_Jw_earlier,0.8012311631014889,0.962,0.038,500
W045,W045_V_earlier_minus_Je_earlier,0.7474832103848471,0.692,0.308,500
W045,W045_P_earlier_minus_V_earlier,0.7321929279452492,0.526,0.474,500
W045,W045_Je_earlier_minus_Jw_earlier,0.83265552753026,0.992,0.008,500
W045,W045_P_earlier_minus_Je_earlier,0.7733085372911621,0.852,0.148,500
W045,W045_P_late_minus_early_peak_influence,0.8328591220407886,0.992,0.008,500
W045,W045_Jw_late_minus_early_peak_influence,0.8159430514413935,0.972,0.028,500
W045,W045_Je_late_minus_early_peak_influence,0.7920488290469812,0.926,0.074,500
