object,peak_id,peak_day,peak_score,peak_prominence,peak_rank,source_type
V,LP009,161,34.08042868585578,13.347286740821886,1,local_peak
V,LP005,80,20.958436491781047,17.66532173359322,2,local_peak
V,LP007,114,20.004865865386734,16.643147862922163,3,local_peak
V,LP003,45,19.235007755373612,15.74030989036649,4,local_peak
V,LP004,69,15.678308096706484,0.30203060447690255,5,local_peak
V,LP006,95,10.70290382054478,3.944954001370127,6,local_peak
V,LP008,136,8.498506242322458,4.24103342475215,7,local_peak
V,LP002,30,6.941599316355871,1.4532927572151895,8,local_peak
V,LP001,16,5.335538519795408,0.6464691597620895,9,local_peak
