window_id,mode,explained_variance_ratio,bootstrap_pattern_corr_abs_median,bootstrap_pattern_corr_abs_q025,bootstrap_pattern_corr_abs_q975,n_bootstrap,mode_stability_status
W045,1,0.0996204240801242,0.631358250746642,0.02581340836120854,0.8908924309962319,300,caution_mode
W045,2,0.087377413995489,0.47725861130635894,0.026829309918015246,0.852669692444572,300,unstable_mode
W045,3,0.08021873567800561,0.4354943568643229,0.011332534438497263,0.8240009249082506,300,unstable_mode
