window_id,anchor_day,analysis_window_start,analysis_window_end,pre_period_start,pre_period_end,post_period_start,post_period_end,field,prepost_status,pre_norm,post_norm,dF_norm,pre_internal_variability,post_internal_variability,prepost_distance_ratio,n_curve_days
W002,45,30,60,30,37,53,60,P,success,0.9665364436576749,0.7880395290201485,3.1428792661929097,0.12013771289909154,0.09028077537078338,29.87265322552928,31
W002,45,30,60,30,37,53,60,V,success,0.5553882988731347,0.5096464081344436,3.0717337375302245,0.045398682735241565,0.02567227612005308,86.44131968721695,31
W002,45,30,60,30,37,53,60,H,success,1.0526193569796685,0.6723471688720823,1.7506537047488424,0.09737720319896945,0.057090199165566874,22.66696633629805,31
W002,45,30,60,30,37,53,60,Je,success,0.8943862418571717,0.6856208074036372,2.06006730539319,0.1035053654317209,0.06979159212678876,23.774996796165695,31
W002,45,30,60,30,37,53,60,Jw,success,0.92789617455725,0.8179078150833737,2.6926618405451395,0.06424158403086402,0.045598977691750316,49.02855189863322,31
