window_id,mode,explained_variance_ratio,bootstrap_pattern_corr_abs_median,bootstrap_pattern_corr_abs_q025,bootstrap_pattern_corr_abs_q975,n_bootstrap,mode_stability_status
W113,1,0.10222354813980769,0.6403245540851532,0.06590219368570882,0.8883476526795865,300,caution_mode
W113,2,0.08076332781617086,0.4112692519575246,0.025306367344819992,0.7943354179655681,300,unstable_mode
W113,3,0.07690151078884755,0.3291524708313912,0.013698698342484831,0.7733127248472611,300,unstable_mode
