point_id,point_day,peak_value,peak_prominence,peak_width,assigned_window_id_legacy
RP001,45,5.878578493131532,3.6472619692422086,9.29217982582303,RW01
RP002,81,9.238311473412097,4.2285212740596405,11.265043411947495,RW02
RP003,113,9.678099825113602,7.556092339736476,11.304310092709997,RW03
RP004,135,3.7666081070788318,1.4709574724059107,12.429376625085467,RW04
RP005,160,7.120567750300529,2.684733245250058,10.017284904107129,RW05
