window_id,target_name,object_A,object_B,n_score_bins,delta_gradient_slope,A_earlier_gradient_slope,B_earlier_gradient_slope,delta_monotonicity_score,A_earlier_monotonicity_score,B_earlier_monotonicity_score,gradient_status
W160,W160_V_vs_Je_delta_peak,V,Je,5,1.6,0.16988442211055277,-0.13742964824120601,0.9999999999999998,0.9999999999999998,-0.9999999999999998,clear_continuous_gradient
W160,W160_H_vs_Jw_delta_peak,H,Jw,5,2.1,0.13748241206030148,-0.14505276381909546,0.9999999999999998,0.9999999999999998,-0.9999999999999998,clear_continuous_gradient
W160,W160_P_vs_V_delta_peak,P,V,5,0.85,0.10293969849246232,-0.08445477386934674,0.9746794344808964,0.9999999999999998,-0.9999999999999998,clear_continuous_gradient
W160,W160_Jw_vs_V_delta_peak,Jw,V,5,2.3,0.08975376884422111,-0.08327386934673367,0.9999999999999998,0.9999999999999998,-0.9999999999999998,clear_continuous_gradient
