window_id,target_name,observed_abs_corr,signflip_n,signflip_corr_q90,signflip_corr_q95,signflip_corr_q99,signflip_percentile,signflip_level
W160,W160_V_vs_Je_delta_peak,0.4920794633878059,300,0.1794137113238474,0.18799389970061126,0.19704777345632632,1.0,direction_specific_99
W160,W160_H_vs_Jw_delta_peak,0.4402530532276265,300,0.17361035580815634,0.181252313391887,0.19432394044183138,1.0,direction_specific_99
W160,W160_P_vs_V_delta_peak,0.29343182933158607,300,0.17862539457919882,0.18758602963669654,0.19437653872918018,1.0,direction_specific_99
W160,W160_Jw_vs_V_delta_peak,0.42774163892251665,300,0.17519923689030134,0.18351762981334116,0.19420899256964164,1.0,direction_specific_99
