object,peak_id,peak_day,peak_score,peak_prominence,peak_rank,source_type
Jw,LP003,104,25.06998583750547,22.92601425681491,1,local_peak
Jw,LP004,130,21.9408475625849,13.628751898976635,2,local_peak
Jw,LP002,83,14.807843176914874,7.124378951803968,3,local_peak
Jw,LP001,41,11.770966007882706,9.626541282615204,4,local_peak
Jw,LP005,152,11.561730035015003,2.961404983804945,5,local_peak
