window_id,object,n_years,analysis_start,analysis_end,n_days,n_profile_coord,n_features_raw,n_all_nan_features_removed,n_features_after_nan_filter,n_features_after_std_filter,n_partial_nan_values_filled,block_scale,block_variance_before_scale,block_variance_after_scale
W113,P,45,88,154,67,13,871,0,871,871,0,0.03388370737858486,1.0,0.001148105625717566
W113,V,45,88,154,67,11,737,0,737,737,0,0.03683547343418787,1.0,0.0013568521031207604
W113,H,45,88,154,67,11,737,0,737,737,0,0.03683547343418787,1.0,0.0013568521031207602
W113,Je,45,88,154,67,11,737,0,737,737,0,0.03683547343418787,1.0,0.0013568521031207602
W113,Jw,45,88,154,67,11,737,0,737,737,0,0.03683547343418787,1.0,0.0013568521031207602
