window_id,object,n_years,analysis_start,analysis_end,n_days,n_profile_coord,n_features_raw,n_all_nan_features_removed,n_features_after_nan_filter,n_features_after_std_filter,n_partial_nan_values_filled,block_scale,block_variance_before_scale,block_variance_after_scale
W045,P,45,0,74,75,13,975,52,923,923,0,0.03291540093383166,1.0,0.0010834236186348864
W045,V,45,0,74,75,11,825,44,781,781,0,0.03578281334822566,1.0,0.0012804097311139568
W045,H,45,0,74,75,11,825,44,781,781,0,0.03578281334822566,1.0,0.0012804097311139564
W045,Je,45,0,74,75,11,825,44,781,781,0,0.03578281334822566,1.0,0.0012804097311139568
W045,Jw,45,0,74,75,11,825,44,781,781,0,0.03578281334822566,1.0,0.0012804097311139564
