window_id,target_name,observed_abs_corr,signflip_n,signflip_corr_q90,signflip_corr_q95,signflip_corr_q99,signflip_percentile,signflip_level
W113,W113_V_vs_Je_delta_peak,0.6835188060330579,300,0.17831823209160558,0.1845173656895285,0.19784852560321214,1.0,direction_specific_99
W113,W113_H_vs_Je_delta_peak,0.6687713353032361,300,0.17739256165141712,0.18282272953737413,0.19605193202499582,1.0,direction_specific_99
W113,W113_P_vs_V_delta_peak,0.6510453653922388,300,0.17786273566165897,0.18573447559138512,0.2035460679870915,1.0,direction_specific_99
W113,W113_Jw_vs_H_delta_peak,0.5155881740062875,300,0.1748524507067681,0.18211623142858235,0.19817905407697495,1.0,direction_specific_99
W113,W113_Jw_vs_V_delta_peak,0.5674206187582929,300,0.1767451279529487,0.18502470716566716,0.1975515682126791,1.0,direction_specific_99
