window_id,target_name,top1_year,top1_fraction_of_total_abs_leverage,top3_fraction_of_total_abs_leverage,top5_fraction_of_total_abs_leverage,extreme_year_dominated_flag
W113,W113_V_vs_Je_delta_peak,2002,0.0553842748271699,0.1585864558287471,0.25499776453163664,False
W113,W113_H_vs_Je_delta_peak,1983,0.05683834929254984,0.16285088463629385,0.2530317237967307,False
W113,W113_P_vs_V_delta_peak,2022,0.06231427953968339,0.17765381406042705,0.28026080405328335,False
W113,W113_Jw_vs_H_delta_peak,1998,0.06361091576000771,0.17677742691187445,0.2759001089369683,False
W113,W113_Jw_vs_V_delta_peak,1979,0.05361563936850906,0.14661418687781608,0.2321741367186572,False
