window_id,mode,explained_variance_ratio,bootstrap_pattern_corr_abs_median,bootstrap_pattern_corr_abs_q025,bootstrap_pattern_corr_abs_q975,n_bootstrap,mode_stability_status
W081,1,0.10779447967881378,0.7215469321603855,0.08273398043494165,0.9189068793361058,300,stable_mode
W081,2,0.09245074833512479,0.4390251626963531,0.037452109639110887,0.8245171366505859,300,unstable_mode
W081,3,0.0706034453609484,0.32645579586566664,0.02408498482865657,0.7894278751145167,300,unstable_mode
