window_id,target_name,null_target_name,true_corr,null_corr,abs_true_corr,abs_null_corr,true_minus_null,true_rank_among_nulls,specificity_percentile,specificity_level
W081,W081_P_vs_V_delta_peak,W081_V_vs_Jw_delta_peak,0.4704035328869039,0.6153032357308751,0.4704035328869039,0.6153032357308751,-0.1448997028439712,3,0.0,not_specific
W081,W081_P_vs_V_delta_peak,W081_H_vs_Jw_delta_peak,0.4704035328869039,0.6295171312138244,0.4704035328869039,0.6295171312138244,-0.15911359832692046,3,0.0,not_specific
W081,W081_V_vs_Jw_delta_peak,W081_P_vs_V_delta_peak,0.6153032357308751,0.4704035328869039,0.6153032357308751,0.4704035328869039,0.1448997028439712,2,0.5,not_specific
W081,W081_V_vs_Jw_delta_peak,W081_H_vs_Jw_delta_peak,0.6153032357308751,0.6295171312138244,0.6153032357308751,0.6295171312138244,-0.014213895482949268,2,0.5,not_specific
W081,W081_H_vs_Jw_delta_peak,W081_P_vs_V_delta_peak,0.6295171312138244,0.4704035328869039,0.6295171312138244,0.4704035328869039,0.15911359832692046,1,1.0,specific_99
W081,W081_H_vs_Jw_delta_peak,W081_V_vs_Jw_delta_peak,0.6295171312138244,0.6153032357308751,0.6295171312138244,0.6153032357308751,0.014213895482949268,1,1.0,specific_99
