window_id,target_name,observed_abs_corr,signflip_n,signflip_corr_q90,signflip_corr_q95,signflip_corr_q99,signflip_percentile,signflip_level
W081,W081_P_vs_V_delta_peak,0.4704035328869039,300,0.17388238435560147,0.17980040304659575,0.19600493322979654,1.0,direction_specific_99
W081,W081_V_vs_Jw_delta_peak,0.6153032357308751,300,0.17236574033884017,0.18044726608852185,0.19104517864799322,1.0,direction_specific_99
W081,W081_H_vs_Jw_delta_peak,0.6295171312138244,300,0.16647674173138297,0.17415214586696495,0.191502122616432,1.0,direction_specific_99
