window_id,target_name,score_group,n_bootstrap,n_valid_delta,object_A,object_B,P_A_earlier,P_B_earlier,P_same_day,dominant_order_direction,dominant_order_probability,delta_median,delta_q025,delta_q975,order_level
W081,W081_P_vs_V_delta_peak,high,334,334,P,V,0.38922155688622756,0.41916167664670656,0.19161676646706588,V_earlier,0.41916167664670656,0.0,-6.0,11.0,weak_or_none
W081,W081_P_vs_V_delta_peak,mid,333,333,P,V,0.15915915915915915,0.7087087087087087,0.13213213213213212,V_earlier,0.7087087087087087,-2.0,-10.7,4.699999999999989,weak_or_none
W081,W081_P_vs_V_delta_peak,low,333,333,P,V,0.04504504504504504,0.8918918918918919,0.06306306306306306,V_earlier,0.8918918918918919,-3.0,-13.7,1.0,weak_or_none
W081,W081_V_vs_Jw_delta_peak,high,334,334,V,Jw,0.9281437125748503,0.04790419161676647,0.023952095808383235,V_earlier,0.9281437125748503,5.0,-2.0,14.675000000000011,usable_90
W081,W081_V_vs_Jw_delta_peak,mid,333,332,V,Jw,0.7259036144578314,0.18373493975903615,0.09036144578313253,V_earlier,0.7259036144578314,2.0,-5.0,13.724999999999966,weak_or_none
W081,W081_V_vs_Jw_delta_peak,low,333,333,V,Jw,0.3183183183183183,0.5495495495495496,0.13213213213213212,Jw_earlier,0.5495495495495496,-1.0,-11.0,7.699999999999989,weak_or_none
W081,W081_H_vs_Jw_delta_peak,high,334,333,H,Jw,0.96996996996997,0.015015015015015015,0.015015015015015015,H_earlier,0.96996996996997,7.0,0.0,15.0,credible_95
W081,W081_H_vs_Jw_delta_peak,mid,333,333,H,Jw,0.8678678678678678,0.08408408408408409,0.04804804804804805,H_earlier,0.8678678678678678,4.0,-4.0,13.0,weak_or_none
W081,W081_H_vs_Jw_delta_peak,low,333,333,H,Jw,0.5495495495495496,0.36036036036036034,0.09009009009009009,H_earlier,0.5495495495495496,1.0,-7.0,9.399999999999977,weak_or_none
