window_id,mode_target,tested_y_target,corr_score_y,abs_corr_score_y,own_target_corr,max_other_target_corr,own_minus_max_other,own_abs_rank,n_targets_tested,specificity_margin,specificity_status
W081,W081_P_vs_V_delta_peak,W081_P_vs_V_delta_peak,0.47040353288690395,0.47040353288690395,0.47040353288690395,0.4359397851547716,0.034463747732132344,1,3,0.05,common_mode
W081,W081_P_vs_V_delta_peak,W081_V_vs_Jw_delta_peak,-0.4359397851547716,0.4359397851547716,0.47040353288690395,0.4359397851547716,0.034463747732132344,1,3,0.05,common_mode
W081,W081_P_vs_V_delta_peak,W081_H_vs_Jw_delta_peak,-0.2383650505650595,0.2383650505650595,0.47040353288690395,0.4359397851547716,0.034463747732132344,1,3,0.05,common_mode
W081,W081_V_vs_Jw_delta_peak,W081_P_vs_V_delta_peak,-0.2671646529231377,0.2671646529231377,0.6153032357308751,0.45763791271437926,0.15766532301649583,1,3,0.05,pair_specific
W081,W081_V_vs_Jw_delta_peak,W081_V_vs_Jw_delta_peak,0.6153032357308751,0.6153032357308751,0.6153032357308751,0.45763791271437926,0.15766532301649583,1,3,0.05,pair_specific
W081,W081_V_vs_Jw_delta_peak,W081_H_vs_Jw_delta_peak,0.45763791271437926,0.45763791271437926,0.6153032357308751,0.45763791271437926,0.15766532301649583,1,3,0.05,pair_specific
W081,W081_H_vs_Jw_delta_peak,W081_P_vs_V_delta_peak,-0.18240304461069545,0.18240304461069545,0.6295171312138245,0.5714888413486054,0.05802828986521902,1,3,0.05,pair_specific
W081,W081_H_vs_Jw_delta_peak,W081_V_vs_Jw_delta_peak,0.5714888413486054,0.5714888413486054,0.6295171312138245,0.5714888413486054,0.05802828986521902,1,3,0.05,pair_specific
W081,W081_H_vs_Jw_delta_peak,W081_H_vs_Jw_delta_peak,0.6295171312138245,0.6295171312138245,0.6295171312138245,0.5714888413486054,0.05802828986521902,1,3,0.05,pair_specific
