window_id,object,n_years,analysis_start,analysis_end,n_days,n_profile_coord,n_features_raw,n_all_nan_features_removed,n_features_after_nan_filter,n_features_after_std_filter,n_partial_nan_values_filled,block_scale,block_variance_before_scale,block_variance_after_scale
W081,P,45,49,107,59,13,767,0,767,767,0,0.036107907233705945,1.0,0.0013037809647979146
W081,V,45,49,107,59,11,649,0,649,649,0,0.03925343359894298,1.0,0.0015408320493066256
W081,H,45,49,107,59,11,649,0,649,649,0,0.03925343359894298,1.0,0.0015408320493066256
W081,Je,45,49,107,59,11,649,0,649,649,0,0.03925343359894298,1.0,0.0015408320493066256
W081,Jw,45,49,107,59,11,649,0,649,649,0,0.03925343359894298,1.0,0.0015408320493066256
