window_id,mode,explained_variance_ratio,bootstrap_pattern_corr_abs_median,bootstrap_pattern_corr_abs_q025,bootstrap_pattern_corr_abs_q975,n_bootstrap,mode_stability_status
W160,1,0.10408197583759721,0.7178026705849179,0.06125165954156128,0.9187349389582613,300,stable_mode
W160,2,0.08416348295773787,0.4708068180416036,0.024908848700432265,0.8531909738004151,300,unstable_mode
W160,3,0.06460383896762568,0.3214093680496036,0.016463267306192755,0.7702048180374443,300,unstable_mode
