object,peak_id,peak_day,peak_score,peak_prominence,peak_rank,source_type
H,LP006,115,34.607065236011024,34.03240521836985,1,local_peak
H,LP001,19,18.08402735192542,4.598182544472039,2,local_peak
H,LP005,95,13.787305052806543,9.529727098226754,3,local_peak
H,LP004,77,13.498661553176767,7.605537770951037,4,local_peak
H,LP002,35,10.10918859242761,2.7174480345794594,5,local_peak
H,LP008,155,9.746850391531572,9.19946629316152,6,local_peak
H,LP007,129,4.241067494898854,3.690235040788872,7,local_peak
H,LP003,57,3.066305324426809,0.3353298556509663,8,local_peak
