{
  "P": {
    "field": "P",
    "n_days": 183,
    "n_features": 13,
    "n_valid_days": 175,
    "n_invalid_days": 8,
    "valid_day_index": [
      4,
      5,
      6,
      7,
      8,
      9,
      10,
      11,
      12,
      13,
      14,
      15,
      16,
      17,
      18,
      19,
      20,
      21,
      22,
      23,
      24,
      25,
      26,
      27,
      28,
      29,
      30,
      31,
      32,
      33,
      34,
      35,
      36,
      37,
      38,
      39,
      40,
      41,
      42,
      43,
      44,
      45,
      46,
      47,
      48,
      49,
      50,
      51,
      52,
      53,
      54,
      55,
      56,
      57,
      58,
      59,
      60,
      61,
      62,
      63,
      64,
      65,
      66,
      67,
      68,
      69,
      70,
      71,
      72,
      73,
      74,
      75,
      76,
      77,
      78,
      79,
      80,
      81,
      82,
      83,
      84,
      85,
      86,
      87,
      88,
      89,
      90,
      91,
      92,
      93,
      94,
      95,
      96,
      97,
      98,
      99,
      100,
      101,
      102,
      103,
      104,
      105,
      106,
      107,
      108,
      109,
      110,
      111,
      112,
      113,
      114,
      115,
      116,
      117,
      118,
      119,
      120,
      121,
      122,
      123,
      124,
      125,
      126,
      127,
      128,
      129,
      130,
      131,
      132,
      133,
      134,
      135,
      136,
      137,
      138,
      139,
      140,
      141,
      142,
      143,
      144,
      145,
      146,
      147,
      148,
      149,
      150,
      151,
      152,
      153,
      154,
      155,
      156,
      157,
      158,
      159,
      160,
      161,
      162,
      163,
      164,
      165,
      166,
      167,
      168,
      169,
      170,
      171,
      172,
      173,
      174,
      175,
      176,
      177,
      178
    ],
    "invalid_day_index": [
      0,
      1,
      2,
      3,
      179,
      180,
      181,
      182
    ],
    "state_expression_name": "field_only_raw_smoothed_zscore",
    "standardize": true,
    "trim_invalid_days": true,
    "uses_shared_joint_valid_day_index": true,
    "field_energy_raw": {
      "rms": 6.408258798415845,
      "daily_energy_mean": 41.06578082747408,
      "p95_abs": 10.059841493485335
    },
    "field_energy_state": {
      "rms": 1.0,
      "daily_energy_mean": 0.9999999999999999,
      "p95_abs": 1.8820691412680421
    }
  },
  "V": {
    "field": "V",
    "n_days": 183,
    "n_features": 11,
    "n_valid_days": 175,
    "n_invalid_days": 8,
    "valid_day_index": [
      4,
      5,
      6,
      7,
      8,
      9,
      10,
      11,
      12,
      13,
      14,
      15,
      16,
      17,
      18,
      19,
      20,
      21,
      22,
      23,
      24,
      25,
      26,
      27,
      28,
      29,
      30,
      31,
      32,
      33,
      34,
      35,
      36,
      37,
      38,
      39,
      40,
      41,
      42,
      43,
      44,
      45,
      46,
      47,
      48,
      49,
      50,
      51,
      52,
      53,
      54,
      55,
      56,
      57,
      58,
      59,
      60,
      61,
      62,
      63,
      64,
      65,
      66,
      67,
      68,
      69,
      70,
      71,
      72,
      73,
      74,
      75,
      76,
      77,
      78,
      79,
      80,
      81,
      82,
      83,
      84,
      85,
      86,
      87,
      88,
      89,
      90,
      91,
      92,
      93,
      94,
      95,
      96,
      97,
      98,
      99,
      100,
      101,
      102,
      103,
      104,
      105,
      106,
      107,
      108,
      109,
      110,
      111,
      112,
      113,
      114,
      115,
      116,
      117,
      118,
      119,
      120,
      121,
      122,
      123,
      124,
      125,
      126,
      127,
      128,
      129,
      130,
      131,
      132,
      133,
      134,
      135,
      136,
      137,
      138,
      139,
      140,
      141,
      142,
      143,
      144,
      145,
      146,
      147,
      148,
      149,
      150,
      151,
      152,
      153,
      154,
      155,
      156,
      157,
      158,
      159,
      160,
      161,
      162,
      163,
      164,
      165,
      166,
      167,
      168,
      169,
      170,
      171,
      172,
      173,
      174,
      175,
      176,
      177,
      178
    ],
    "invalid_day_index": [
      0,
      1,
      2,
      3,
      179,
      180,
      181,
      182
    ],
    "state_expression_name": "field_only_raw_smoothed_zscore",
    "standardize": true,
    "trim_invalid_days": true,
    "uses_shared_joint_valid_day_index": true,
    "field_energy_raw": {
      "rms": 2.527390304619447,
      "daily_energy_mean": 6.387701751884381,
      "p95_abs": 4.6964651638453745
    },
    "field_energy_state": {
      "rms": 1.0,
      "daily_energy_mean": 0.9999999999999999,
      "p95_abs": 1.9915080606766307
    }
  },
  "H": {
    "field": "H",
    "n_days": 183,
    "n_features": 11,
    "n_valid_days": 175,
    "n_invalid_days": 8,
    "valid_day_index": [
      4,
      5,
      6,
      7,
      8,
      9,
      10,
      11,
      12,
      13,
      14,
      15,
      16,
      17,
      18,
      19,
      20,
      21,
      22,
      23,
      24,
      25,
      26,
      27,
      28,
      29,
      30,
      31,
      32,
      33,
      34,
      35,
      36,
      37,
      38,
      39,
      40,
      41,
      42,
      43,
      44,
      45,
      46,
      47,
      48,
      49,
      50,
      51,
      52,
      53,
      54,
      55,
      56,
      57,
      58,
      59,
      60,
      61,
      62,
      63,
      64,
      65,
      66,
      67,
      68,
      69,
      70,
      71,
      72,
      73,
      74,
      75,
      76,
      77,
      78,
      79,
      80,
      81,
      82,
      83,
      84,
      85,
      86,
      87,
      88,
      89,
      90,
      91,
      92,
      93,
      94,
      95,
      96,
      97,
      98,
      99,
      100,
      101,
      102,
      103,
      104,
      105,
      106,
      107,
      108,
      109,
      110,
      111,
      112,
      113,
      114,
      115,
      116,
      117,
      118,
      119,
      120,
      121,
      122,
      123,
      124,
      125,
      126,
      127,
      128,
      129,
      130,
      131,
      132,
      133,
      134,
      135,
      136,
      137,
      138,
      139,
      140,
      141,
      142,
      143,
      144,
      145,
      146,
      147,
      148,
      149,
      150,
      151,
      152,
      153,
      154,
      155,
      156,
      157,
      158,
      159,
      160,
      161,
      162,
      163,
      164,
      165,
      166,
      167,
      168,
      169,
      170,
      171,
      172,
      173,
      174,
      175,
      176,
      177,
      178
    ],
    "invalid_day_index": [
      0,
      1,
      2,
      3,
      179,
      180,
      181,
      182
    ],
    "state_expression_name": "field_only_raw_smoothed_zscore",
    "standardize": true,
    "trim_invalid_days": true,
    "uses_shared_joint_valid_day_index": true,
    "field_energy_raw": {
      "rms": 5847.220926213646,
      "daily_energy_mean": 34189992.55995077,
      "p95_abs": 5879.831197898731
    },
    "field_energy_state": {
      "rms": 0.9999999999999999,
      "daily_energy_mean": 0.9999999999999999,
      "p95_abs": 1.8871496765977134
    }
  },
  "Je": {
    "field": "Je",
    "n_days": 183,
    "n_features": 11,
    "n_valid_days": 175,
    "n_invalid_days": 8,