object,peak_id,peak_day,peak_score,peak_prominence,peak_rank,source_type
Je,LP008,162,20.266046161694703,9.530648597165301,1,local_peak
Je,LP006,111,16.652666002833563,13.926051816558019,2,local_peak
Je,LP007,136,14.318820217804232,9.11930641467108,3,local_peak
Je,LP003,46,12.201986759874023,9.170480551400946,4,local_peak
Je,LP005,94,7.771161835682942,0.16724403757758655,5,local_peak
Je,LP001,26,6.0665828732930125,2.9349912308518817,6,local_peak
Je,LP004,81,5.948923321784777,0.22616019411488608,7,local_peak
Je,LP002,33,5.442389697096082,0.42865536994512077,8,local_peak
