window_id,target_name,observed_abs_corr,signflip_n,signflip_corr_q90,signflip_corr_q95,signflip_corr_q99,signflip_percentile,signflip_level
W045,W045_Je_vs_Jw_delta_peak,0.6215023015394344,300,0.17707564554187105,0.18264577145810157,0.19651950123749617,1.0,direction_specific_99
W045,W045_P_vs_Jw_delta_peak,0.6615313265229796,300,0.1732807878553764,0.1820009883352076,0.19622345061239044,1.0,direction_specific_99
W045,W045_V_vs_Jw_delta_peak,0.6298003314712044,300,0.17723838542458353,0.1843289883752027,0.19695480846428703,1.0,direction_specific_99
