window_id,target_name,score_group,n_bootstrap,n_valid_delta,object_A,object_B,P_A_earlier,P_B_earlier,P_same_day,dominant_order_direction,dominant_order_probability,delta_median,delta_q025,delta_q975,order_level
W045,W045_Je_vs_Jw_delta_peak,high,334,334,Je,Jw,0.5089820359281437,0.3592814371257485,0.1317365269461078,Je_earlier,0.5089820359281437,1.0,-8.0,6.0,weak_or_none
W045,W045_Je_vs_Jw_delta_peak,mid,333,333,Je,Jw,0.15315315315315314,0.8078078078078078,0.03903903903903904,Jw_earlier,0.8078078078078078,-4.0,-9.0,4.0,weak_or_none
W045,W045_Je_vs_Jw_delta_peak,low,333,333,Je,Jw,0.018018018018018018,0.978978978978979,0.003003003003003003,Jw_earlier,0.978978978978979,-6.0,-11.0,-1.0,credible_95
W045,W045_P_vs_Jw_delta_peak,high,334,334,P,Jw,0.7335329341317365,0.19760479041916168,0.0688622754491018,P_earlier,0.7335329341317365,2.0,-5.0,8.675000000000011,weak_or_none
W045,W045_P_vs_Jw_delta_peak,mid,333,333,P,Jw,0.25225225225225223,0.6516516516516516,0.0960960960960961,Jw_earlier,0.6516516516516516,-2.0,-7.0,5.0,weak_or_none
W045,W045_P_vs_Jw_delta_peak,low,333,333,P,Jw,0.05405405405405406,0.8978978978978979,0.04804804804804805,Jw_earlier,0.8978978978978979,-4.0,-8.0,2.0,weak_or_none
W045,W045_V_vs_Jw_delta_peak,high,334,334,V,Jw,0.6197604790419161,0.281437125748503,0.09880239520958084,V_earlier,0.6197604790419161,1.0,-6.0,6.0,weak_or_none
W045,W045_V_vs_Jw_delta_peak,mid,333,333,V,Jw,0.17717717717717718,0.7507507507507507,0.07207207207207207,Jw_earlier,0.7507507507507507,-3.0,-8.7,4.699999999999989,weak_or_none
W045,W045_V_vs_Jw_delta_peak,low,333,333,V,Jw,0.03303303303303303,0.9429429429429429,0.024024024024024024,Jw_earlier,0.9429429429429429,-5.0,-11.0,1.0,usable_90
