window_id,target_name,null_target_name,true_corr,null_corr,abs_true_corr,abs_null_corr,true_minus_null,true_rank_among_nulls,specificity_percentile,specificity_level
W045,W045_Je_vs_Jw_delta_peak,W045_P_vs_Jw_delta_peak,0.6215023015394344,0.6615313265229796,0.6215023015394344,0.6615313265229796,-0.040029024983545214,3,0.0,not_specific
W045,W045_Je_vs_Jw_delta_peak,W045_V_vs_Jw_delta_peak,0.6215023015394344,0.6298003314712044,0.6215023015394344,0.6298003314712044,-0.008298029931769979,3,0.0,not_specific
W045,W045_P_vs_Jw_delta_peak,W045_Je_vs_Jw_delta_peak,0.6615313265229796,0.6215023015394344,0.6615313265229796,0.6215023015394344,0.040029024983545214,1,1.0,specific_99
W045,W045_P_vs_Jw_delta_peak,W045_V_vs_Jw_delta_peak,0.6615313265229796,0.6298003314712044,0.6615313265229796,0.6298003314712044,0.031730995051775235,1,1.0,specific_99
W045,W045_V_vs_Jw_delta_peak,W045_Je_vs_Jw_delta_peak,0.6298003314712044,0.6215023015394344,0.6298003314712044,0.6215023015394344,0.008298029931769979,2,0.5,not_specific
W045,W045_V_vs_Jw_delta_peak,W045_P_vs_Jw_delta_peak,0.6298003314712044,0.6615313265229796,0.6298003314712044,0.6615313265229796,-0.031730995051775235,2,0.5,not_specific
